phase,token,id
prefill,0,2523
prefill,1,513
prefill,2,32767
prefill,3,264
prefill,4,351
prefill,5,992
prefill,6,2313
prefill,7,421
prefill,8,35551
prefill,9,82899
prefill,10,12204
prefill,11,61369
prefill,12,364
prefill,13,20340
prefill,14,8404
prefill,15,17830
prefill,16,15089
prefill,17,42903
prefill,18,383
prefill,19,449
prefill,20,23547
prefill,21,36191
prefill,22,27255
prefill,23,220
prefill,24,21
prefill,25,23
prefill,26,15
prefill,27,15
prefill,28,13
prefill,29,357
prefill,30,13540
prefill,31,31686
prefill,32,55288
prefill,33,11312
prefill,34,421
prefill,35,513
prefill,36,524
prefill,37,18394
prefill,38,303
prefill,39,18588
prefill,40,1354
prefill,41,13
prefill,42,38643
prefill,43,2022
prefill,44,1902
prefill,45,381
prefill,46,32471
prefill,47,321
prefill,48,660
prefill,49,4906
prefill,50,7929
prefill,51,1144
prefill,52,13668
prefill,53,20934
prefill,54,13
prefill,55,271
prefill,56,760
prefill,57,1428
prefill,58,7873
prefill,59,21426
prefill,60,264
prefill,61,12366
prefill,62,494
prefill,63,3955
prefill,64,6009
prefill,65,27437
prefill,66,310
prefill,67,3817
prefill,68,6761
prefill,69,13
prefill,70,8618
prefill,71,3817
prefill,72,38587
prefill,73,7810
prefill,74,11312
prefill,75,494
prefill,76,264
prefill,77,716
prefill,78,314
prefill,79,220
prefill,80,17
prefill,81,20
prefill,82,21
prefill,83,13
prefill,84,561
prefill,85,2235
prefill,86,26622
prefill,87,28538
prefill,88,2956
prefill,89,364
prefill,90,1396
prefill,91,6009
prefill,92,2942
prefill,93,1396
prefill,94,3817
prefill,95,321
prefill,96,3955
prefill,97,6857
prefill,98,13
prefill,99,357
prefill,100,16338
prefill,101,2243
prefill,102,14159
prefill,103,279
prefill,104,6761
prefill,105,791
prefill,106,6009
prefill,107,11
prefill,108,21426
prefill,109,8978
prefill,110,33887
prefill,111,11
prefill,112,321
prefill,113,10220
prefill,114,1132
prefill,115,279
prefill,116,3955
prefill,117,6761
prefill,118,13
prefill,119,1061
prefill,120,13205
prefill,121,279
prefill,122,1906
prefill,123,314
prefill,124,6761
prefill,125,2785
prefill,126,1754
prefill,127,6009
prefill,128,321
prefill,129,10583
prefill,130,279
prefill,131,4471
prefill,132,12391
prefill,133,61369
prefill,134,33702
prefill,135,13
prefill,136,271
prefill,137,18842
prefill,138,411
prefill,139,2790
prefill,140,364
prefill,141,19963
prefill,142,11
prefill,143,14673
prefill,144,50233
prefill,145,11
prefill,146,16682
prefill,147,20017
prefill,148,11
prefill,149,48659
prefill,150,43327
prefill,151,3808
prefill,152,16401
prefill,153,6526
prefill,154,11
prefill,155,321
prefill,156,11173
prefill,157,6009
prefill,158,27437
prefill,159,13
prefill,160,79091
prefill,161,1092
prefill,162,488
prefill,163,1000
prefill,164,1716
prefill,165,303
prefill,166,279
prefill,167,1970
prefill,168,321
prefill,169,4052
prefill,170,279
prefill,171,23856
prefill,172,5222
prefill,173,29551
prefill,174,6813
prefill,175,13
prefill,176,4844
prefill,177,28647
prefill,178,449
prefill,179,357
prefill,180,15797
prefill,181,27502
prefill,182,383
prefill,183,279
prefill,184,27255
prefill,185,220
prefill,186,21
prefill,187,23
prefill,188,15
prefill,189,15
prefill,190,440
prefill,191,264
prefill,192,89540
prefill,193,220
prefill,194,22
prefill,195,220
prefill,196,20
prefill,197,22
prefill,198,15
prefill,199,15
prefill,200,55
prefill,201,18
prefill,202,35
prefill,203,321
prefill,204,220
prefill,205,18
prefill,206,17
prefill,207,18295
prefill,208,21360
prefill,209,13
prefill,210,73533
prefill,211,9640
prefill,212,8427
prefill,213,11
prefill,214,3817
prefill,215,9191
prefill,216,11
prefill,217,1118
prefill,218,33686
prefill,219,37972
prefill,220,11
prefill,221,321
prefill,222,4779
prefill,223,958
prefill,224,13
prefill,225,3054
prefill,226,524
prefill,227,9370
prefill,228,2961
prefill,229,494
prefill,230,52965
prefill,231,3668
prefill,232,310
prefill,233,82899
prefill,234,13
prefill,235,20052
prefill,236,264
prefill,237,61446
prefill,238,10597
prefill,239,4087
prefill,240,440
prefill,241,13769
prefill,242,9989
prefill,243,13
decode,244,271
decode,245,248068
decode,246,198
decode,247,760
decode,248,1156
decode,249,369
decode,250,9859
decode,251,728
decode,252,310
decode,253,3286
decode,254,264
decode,255,351
decode,256,992
decode,257,2790
decode,258,364
decode,259,82899
decode,260,12204
decode,261,61369
decode,262,364
decode,263,20340
decode,264,8404
decode,265,17830
decode,266,15089
decode,267,318
decode,268,24797
decode,269,36
decode,270,8
decode,271,42903
decode,272,383
decode,273,449
decode,274,23547
decode,275,36191
decode,276,27255
decode,277,220
decode,278,21
decode,279,23
decode,280,15
decode,281,15
decode,282,13
decode,283,1061
decode,284,369
decode,285,264
decode,286,10597
decode,287,1970
decode,288,3286
decode,289,3296
decode,290,440
decode,291,3050
decode,292,8242
decode,293,25
decode,294,271
decode,295,16
decode,296,13
decode,297,9988
decode,298,279
decode,299,2790
decode,300,364
decode,301,25
decode,302,198
decode,303,256
decode,304,471
decode,305,93752
decode,306,198
decode,307,256
decode,308,471
decode,309,79034
decode,310,50233
decode,311,198
decode,312,256
decode,313,471
decode,314,31201
decode,315,20017
decode,316,198
decode,317,256
decode,318,471
decode,319,769
decode,320,1519
decode,321,43327
decode,322,3808
decode,323,16401
decode,324,6526
decode,325,198
decode,326,256
decode,327,471
decode,328,997
decode,329,40568
decode,330,6009
decode,331,27437
decode,332,271
decode,333,17
decode,334,13
decode,335,79091
decode,336,1092
decode,337,310
decode,338,1716
decode,339,303
decode,340,279
decode,341,1970
decode,342,271
decode,343,18
decode,344,13
decode,345,326
decode,346,3671
decode,347,279
decode,348,23856
decode,349,5222
decode,350,29551
decode,351,6813
decode,352,271
decode,353,19
decode,354,13
decode,355,3780
decode,356,930
decode,357,449
decode,358,357
decode,359,15797
decode,360,27502
decode,361,383
decode,362,279
decode,363,27255
decode,364,220
decode,365,21
decode,366,23
decode,367,15
decode,368,15
decode,369,440
decode,370,89540
decode,371,220
